[  {
  "kind": "books#volume",
  "id": "NhBmDwAAQBAJ",
  "etag": "rZKwmXAIMr4",
  "selfLink": "https://www.googleapis.com/books/v1/volumes/NhBmDwAAQBAJ",
  "volumeInfo": {
    "title": "Queenie",
    "subtitle": "Longlisted for the Women’s Prize for Fiction 2020",
    "authors": [
      "Candice Carty-Williams"
    ],
    "publisher": "Hachette UK",
    "publishedDate": "2019-04-11",
    "description": "THE SUNDAY TIMES BESTSELLER SHORTLISTED FOR THE COSTA FIRST NOVEL AWARD LONGLISTED FOR THE WOMEN'S PRIZE FOR FICTION 'Hilarious, compelling, painful, enlightening, honest. I loved it' - Dolly Alderton 'Brilliant, timely, funny, heartbreaking' - Jojo Moyes 'A deliciously funny, characterful, topical and thrilling novel for our times' - Bernardine Evaristo, WINNER OF THE MAN BOOKER PRIZE Meet Queenie. She just can't cut a break. Well, apart from one from her long term boyfriend, Tom. That's just a break though. Definitely not a break up. Stuck between a boss who doesn't seem to see her, a family who don't seem to listen (if it's not Jesus or water rates, they're not interested), and trying to fit in two worlds that don't really understand her, it's no wonder she's struggling. She was named to be queen of everything. So why is she finding it so hard to rule her own life? A darkly comic and bitingly subversive take on life, love, race and family, Queenie will have you nodding in recognition, crying in solidarity and rooting for this unforgettable character every step of the way. Perfect for fans of Dolly Alderton, Sally Rooney, Diana Evans and Phoebe Waller-Bridge. 'This is an important, timely and disarming novel, thirst-quenching and long overdue: one that will be treasured by \"any type of black girl\" and hordes of other readers besides.' - Guardian ****** LONGLISTED FOR THE JHALAK PRIZE SHORTLISTED FOR WATERSTONES BOOK OF THE YEAR SHORTLISTED FOR FOYLES BOOK OF THE YEAR BLACKWELL'S DEBUT NOVEL OF THE YEAR NAMED ONE OF THE TIMES, GUARDIAN, SUNDAY TIMES, DAILY MAIL AND EVENING STANDARD'S BEST BOOKS OF 2019",
    "industryIdentifiers": [
      {
        "type": "ISBN_13",
        "identifier": "9781409180081"
      },
      {
        "type": "ISBN_10",
        "identifier": "1409180085"
      }
    ],
    "readingModes": {
      "text": true,
      "image": false
    },
    "pageCount": 400,
    "printType": "BOOK",
    "categories": [
      "Fiction"
    ],
    "averageRating": 5,
    "ratingsCount": 1,
    "maturityRating": "NOT_MATURE",
    "allowAnonLogging": true,
    "contentVersion": "1.3.3.0.preview.2",
    "panelizationSummary": {
      "containsEpubBubbles": false,
      "containsImageBubbles": false
    },
    "imageLinks": {
      "smallThumbnail": "http://books.google.com/books/content?id=NhBmDwAAQBAJ&printsec=frontcover&img=1&zoom=5&edge=curl&source=gbs_api",
      "thumbnail": "http://books.google.com/books/content?id=NhBmDwAAQBAJ&printsec=frontcover&img=1&zoom=1&edge=curl&source=gbs_api"
    },
    "language": "en",
    "previewLink": "http://books.google.co.uk/books?id=NhBmDwAAQBAJ&printsec=frontcover&dq=queenie&hl=&as_brr=6&cd=1&source=gbs_api",
    "infoLink": "https://play.google.com/store/books/details?id=NhBmDwAAQBAJ&source=gbs_api",
    "canonicalVolumeLink": "https://play.google.com/store/books/details?id=NhBmDwAAQBAJ"
  },
  "saleInfo": {
    "country": "GB",
    "saleability": "FOR_SALE",
    "isEbook": true,
    "listPrice": {
      "amount": 0.99,
      "currencyCode": "GBP"
    },
    "retailPrice": {
      "amount": 0.99,
      "currencyCode": "GBP"
    },
    "buyLink": "https://play.google.com/store/books/details?id=NhBmDwAAQBAJ&rdid=book-NhBmDwAAQBAJ&rdot=1&source=gbs_api",
    "offers": [
      {
        "finskyOfferType": 1,
        "listPrice": {
          "amountInMicros": 990000,
          "currencyCode": "GBP"
        },
        "retailPrice": {
          "amountInMicros": 990000,
          "currencyCode": "GBP"
        },
        "giftable": true
      }
    ]
  },
  "accessInfo": {
    "country": "GB",
    "viewability": "PARTIAL",
    "embeddable": true,
    "publicDomain": false,
    "textToSpeechPermission": "ALLOWED_FOR_ACCESSIBILITY",
    "epub": {
      "isAvailable": true,
      "acsTokenLink": "http://books.google.co.uk/books/download/Queenie-sample-epub.acsm?id=NhBmDwAAQBAJ&format=epub&output=acs4_fulfillment_token&dl_type=sample&source=gbs_api"
    },
    "pdf": {
      "isAvailable": false
    },
    "webReaderLink": "http://play.google.com/books/reader?id=NhBmDwAAQBAJ&hl=&as_brr=6&printsec=frontcover&source=gbs_api",
    "accessViewStatus": "SAMPLE",
    "quoteSharingAllowed": false
  },
  "searchInfo": {
    "textSnippet": "&#39;This is an important, timely and disarming novel, thirst-quenching and long overdue: one that will be treasured by &quot;any type of black girl&quot; and hordes of other readers besides."
  }
}, {
  "kind": "books#volume",
  "id": "9j4JGEkCA5cC",
  "etag": "r/J9nUVIfkw",
  "selfLink": "https://www.googleapis.com/books/v1/volumes/9j4JGEkCA5cC",
  "volumeInfo": {
    "title": "Ghana Must Go",
    "authors": [
      "Taiye Selasi"
    ],
    "publisher": "Penguin UK",
    "publishedDate": "2013-04-04",
    "description": "A stunning novel, spanning generations and continents, Ghana Must Go by rising star Taiye Selasi is a tale of family drama and forgiveness, for fans of Zadie Smith and Chimamanda Ngozi Adichie. This is the story of a family -- of the simple, devastating ways in which families tear themselves apart, and of the incredible lengths to which a family will go to put itself back together. It is the story of one family, the Sais, whose good life crumbles in an evening; a Ghanaian father, Kweku Sai, who becomes a highly respected surgeon in the US only to be disillusioned by a grotesque injustice; his Nigerian wife, Fola, the beautiful homemaker abandoned in his wake; their eldest son, Olu, determined to reconstruct the life his father should have had; their twins, seductive Taiwo and acclaimed artist Kehinde, both brilliant but scarred and flailing; their youngest, Sadie, jealously in love with her celebrity best friend. All of them sent reeling on their disparate paths into the world. Until, one day, tragedy spins the Sais in a new direction. This is the story of a family: torn apart by lies, reunited by grief. A family absolved, ultimately, by that bitter but most tenuous bond: familial love. Ghana Must Go interweaves the stories of the Sais in a rich and moving drama of separation and reunion, spanning generations and cultures from West Africa to New England, London, New York and back again. It is a debut novel of blazing originality and startling power by a writer of extraordinary gifts. 'Ghana Must Go is both a fast moving story of one family's fortunes and an ecstatic exploration of the inner lives of its members. With her perfectly-pitched prose and flawless technique, Selasi does more than merely renew our sense of the African novel: she renews our sense of the novel, period. An astonishing debut' Teju Cole, author of Open City Taiye Selasi was born in London and raised in Massachusetts. She holds a B.A. in American Studies from Yale and an M.Phil. in International Relations from Oxford. \"The Sex Lives of African Girls\" (Granta, 2011), Selasi's fiction debut, appears in Best American Short Stories 2012. She lives in Rome.",
    "industryIdentifiers": [
      {
        "type": "ISBN_13",
        "identifier": "9780670919895"
      },
      {
        "type": "ISBN_10",
        "identifier": "0670919896"
      }
    ],
    "readingModes": {
      "text": true,
      "image": false
    },
    "pageCount": 336,
    "printType": "BOOK",
    "categories": [
      "Fiction"
    ],
    "averageRating": 4,
    "ratingsCount": 15,
    "maturityRating": "NOT_MATURE",
    "allowAnonLogging": true,
    "contentVersion": "1.8.9.0.preview.2",
    "panelizationSummary": {
      "containsEpubBubbles": false,
      "containsImageBubbles": false
    },
    "imageLinks": {
      "smallThumbnail": "http://books.google.com/books/content?id=9j4JGEkCA5cC&printsec=frontcover&img=1&zoom=5&edge=curl&source=gbs_api",
      "thumbnail": "http://books.google.com/books/content?id=9j4JGEkCA5cC&printsec=frontcover&img=1&zoom=1&edge=curl&source=gbs_api"
    },
    "language": "en",
    "previewLink": "http://books.google.co.uk/books?id=9j4JGEkCA5cC&printsec=frontcover&dq=ghana+must+go&hl=&as_brr=6&cd=1&source=gbs_api",
    "infoLink": "https://play.google.com/store/books/details?id=9j4JGEkCA5cC&source=gbs_api",
    "canonicalVolumeLink": "https://play.google.com/store/books/details?id=9j4JGEkCA5cC"
  },
  "saleInfo": {
    "country": "GB",
    "saleability": "FOR_SALE",
    "isEbook": true,
    "listPrice": {
      "amount": 2.99,
      "currencyCode": "GBP"
    },
    "retailPrice": {
      "amount": 2.99,
      "currencyCode": "GBP"
    },
    "buyLink": "https://play.google.com/store/books/details?id=9j4JGEkCA5cC&rdid=book-9j4JGEkCA5cC&rdot=1&source=gbs_api",
    "offers": [
      {
        "finskyOfferType": 1,
        "listPrice": {
          "amountInMicros": 2990000,
          "currencyCode": "GBP"
        },
        "retailPrice": {
          "amountInMicros": 2990000,
          "currencyCode": "GBP"
        },
        "giftable": true
      }
    ]
  },
  "accessInfo": {
    "country": "GB",
    "viewability": "PARTIAL",
    "embeddable": true,
    "publicDomain": false,
    "textToSpeechPermission": "ALLOWED_FOR_ACCESSIBILITY",
    "epub": {
      "isAvailable": true,
      "acsTokenLink": "http://books.google.co.uk/books/download/Ghana_Must_Go-sample-epub.acsm?id=9j4JGEkCA5cC&format=epub&output=acs4_fulfillment_token&dl_type=sample&source=gbs_api"
    },
    "pdf": {
      "isAvailable": false
    },
    "webReaderLink": "http://play.google.com/books/reader?id=9j4JGEkCA5cC&hl=&as_brr=6&printsec=frontcover&source=gbs_api",
    "accessViewStatus": "SAMPLE",
    "quoteSharingAllowed": false
  },
  "searchInfo": {
    "textSnippet": "This is the story of a family -- of the simple, devastating ways in which families tear themselves apart, and of the incredible lengths to which a family will go to put itself back together."
  }
},{
  "kind": "books#volume",
  "id": "djc_DwAAQBAJ",
  "etag": "S67J9P+A/g4",
  "selfLink": "https://www.googleapis.com/books/v1/volumes/djc_DwAAQBAJ",
  "volumeInfo": {
    "title": "The Girl Who Smiled Beads",
    "authors": [
      "Clemantine Wamariya",
      "Elizabeth Weil"
    ],
    "publisher": "Random House",
    "publishedDate": "2018-04-26",
    "description": "When Clemantine Wamariya was six years old, her world was torn apart. She didn't know why her parents began talking in whispers, or why her neighbours started disappearing, or why she could hear distant thunder even when the skies were clear. As the Rwandan civil war raged, Clemantine and her sister Claire were forced to flee their home. They ran for hours, then walked for days, not towards anything, just away. they sought refuge where they could find it, and escaped when refuge became imprisonment. Together, they experienced the best and the worst of humanity. After spending six years seeking refuge in eight different countries, Clemantine and Claire were granted refugee status in America and began a new journey. Honest, life-affirming and searingly profound, this is the story of a girl's struggle to remake her life and create new stories - without forgetting the old ones.",
    "industryIdentifiers": [
      {
        "type": "ISBN_13",
        "identifier": "9781473559356"
      },
      {
        "type": "ISBN_10",
        "identifier": "1473559359"
      }
    ],
    "readingModes": {
      "text": true,
      "image": false
    },
    "pageCount": 288,
    "printType": "BOOK",
    "categories": [
      "Biography & Autobiography"
    ],
    "averageRating": 4,
    "ratingsCount": 15,
    "maturityRating": "NOT_MATURE",
    "allowAnonLogging": true,
    "contentVersion": "1.5.5.0.preview.2",
    "panelizationSummary": {
      "containsEpubBubbles": false,
      "containsImageBubbles": false
    },
    "imageLinks": {
      "smallThumbnail": "http://books.google.com/books/content?id=djc_DwAAQBAJ&printsec=frontcover&img=1&zoom=5&edge=curl&source=gbs_api",
      "thumbnail": "http://books.google.com/books/content?id=djc_DwAAQBAJ&printsec=frontcover&img=1&zoom=1&edge=curl&source=gbs_api"
    },
    "language": "en",
    "previewLink": "http://books.google.co.uk/books?id=djc_DwAAQBAJ&printsec=frontcover&dq=the+girl+who+smiled+beads&hl=&as_brr=6&cd=1&source=gbs_api",
    "infoLink": "https://play.google.com/store/books/details?id=djc_DwAAQBAJ&source=gbs_api",
    "canonicalVolumeLink": "https://play.google.com/store/books/details?id=djc_DwAAQBAJ"
  },
  "saleInfo": {
    "country": "GB",
    "saleability": "FOR_SALE",
    "isEbook": true,
    "listPrice": {
      "amount": 3.99,
      "currencyCode": "GBP"
    },
    "retailPrice": {
      "amount": 3.99,
      "currencyCode": "GBP"
    },
    "buyLink": "https://play.google.com/store/books/details?id=djc_DwAAQBAJ&rdid=book-djc_DwAAQBAJ&rdot=1&source=gbs_api",
    "offers": [
      {
        "finskyOfferType": 1,
        "listPrice": {
          "amountInMicros": 3990000,
          "currencyCode": "GBP"
        },
        "retailPrice": {
          "amountInMicros": 3990000,
          "currencyCode": "GBP"
        },
        "giftable": true
      }
    ]
  },
  "accessInfo": {
    "country": "GB",
    "viewability": "PARTIAL",
    "embeddable": true,
    "publicDomain": false,
    "textToSpeechPermission": "ALLOWED_FOR_ACCESSIBILITY",
    "epub": {
      "isAvailable": true,
      "acsTokenLink": "http://books.google.co.uk/books/download/The_Girl_Who_Smiled_Beads-sample-epub.acsm?id=djc_DwAAQBAJ&format=epub&output=acs4_fulfillment_token&dl_type=sample&source=gbs_api"
    },
    "pdf": {
      "isAvailable": false
    },
    "webReaderLink": "http://play.google.com/books/reader?id=djc_DwAAQBAJ&hl=&as_brr=6&printsec=frontcover&source=gbs_api",
    "accessViewStatus": "SAMPLE",
    "quoteSharingAllowed": false
  },
  "searchInfo": {
    "textSnippet": "Honest, life-affirming and searingly profound, this is the story of a girl&#39;s struggle to remake her life and create new stories - without forgetting the old ones."
  }
},{
  "kind": "books#volume",
  "id": "QXHwNEB2CkYC",
  "etag": "GKPglSKUbWU",
  "selfLink": "https://www.googleapis.com/books/v1/volumes/QXHwNEB2CkYC",
  "volumeInfo": {
    "title": "Americanah",
    "authors": [
      "Chimamanda Ngozi Adichie"
    ],
    "publisher": "HarperCollins UK",
    "publishedDate": "2013-04-06",
    "description": "SHORTLISTED FOR THE BAILEY’S WOMEN’S PRIZE FOR FICTION ‘A delicious, important novel’ The Times ‘Alert, alive and gripping’ Independent ‘Some novels tell a great story and others make you change the way you look at the world. Americanah does both.’ Guardian",
    "industryIdentifiers": [
      {
        "type": "ISBN_13",
        "identifier": "9780007356492"
      },
      {
        "type": "ISBN_10",
        "identifier": "0007356498"
      }
    ],
    "readingModes": {
      "text": true,
      "image": false
    },
    "pageCount": 400,
    "printType": "BOOK",
    "categories": [
      "Fiction"
    ],
    "averageRating": 4,
    "ratingsCount": 111,
    "maturityRating": "NOT_MATURE",
    "allowAnonLogging": true,
    "contentVersion": "1.9.9.0.preview.2",
    "panelizationSummary": {
      "containsEpubBubbles": false,
      "containsImageBubbles": false
    },
    "imageLinks": {
      "smallThumbnail": "http://books.google.com/books/content?id=QXHwNEB2CkYC&printsec=frontcover&img=1&zoom=5&edge=curl&source=gbs_api",
      "thumbnail": "http://books.google.com/books/content?id=QXHwNEB2CkYC&printsec=frontcover&img=1&zoom=1&edge=curl&source=gbs_api"
    },
    "language": "en",
    "previewLink": "http://books.google.co.uk/books?id=QXHwNEB2CkYC&printsec=frontcover&dq=americanah&hl=&as_brr=6&cd=1&source=gbs_api",
    "infoLink": "https://play.google.com/store/books/details?id=QXHwNEB2CkYC&source=gbs_api",
    "canonicalVolumeLink": "https://play.google.com/store/books/details?id=QXHwNEB2CkYC"
  },
  "saleInfo": {
    "country": "GB",
    "saleability": "FOR_SALE",
    "isEbook": true,
    "listPrice": {
      "amount": 3.49,
      "currencyCode": "GBP"
    },
    "retailPrice": {
      "amount": 3.49,
      "currencyCode": "GBP"
    },
    "buyLink": "https://play.google.com/store/books/details?id=QXHwNEB2CkYC&rdid=book-QXHwNEB2CkYC&rdot=1&source=gbs_api",
    "offers": [
      {
        "finskyOfferType": 1,
        "listPrice": {
          "amountInMicros": 3490000,
          "currencyCode": "GBP"
        },
        "retailPrice": {
          "amountInMicros": 3490000,
          "currencyCode": "GBP"
        },
        "giftable": true
      }
    ]
  },
  "accessInfo": {
    "country": "GB",
    "viewability": "PARTIAL",
    "embeddable": false,
    "publicDomain": false,
    "textToSpeechPermission": "ALLOWED_FOR_ACCESSIBILITY",
    "epub": {
      "isAvailable": true,
      "acsTokenLink": "http://books.google.co.uk/books/download/Americanah-sample-epub.acsm?id=QXHwNEB2CkYC&format=epub&output=acs4_fulfillment_token&dl_type=sample&source=gbs_api"
    },
    "pdf": {
      "isAvailable": false
    },
    "webReaderLink": "http://play.google.com/books/reader?id=QXHwNEB2CkYC&hl=&as_brr=6&printsec=frontcover&source=gbs_api",
    "accessViewStatus": "SAMPLE",
    "quoteSharingAllowed": false
  },
  "searchInfo": {
    "textSnippet": "Americanah does both.’ Guardian"
  }
},{
  "kind": "books#volume",
  "id": "NWrpDQAAQBAJ",
  "etag": "5MTQDtPPedE",
  "selfLink": "https://www.googleapis.com/books/v1/volumes/NWrpDQAAQBAJ",
  "volumeInfo": {
    "title": "What We Lose",
    "authors": [
      "Zinzi Clemmons"
    ],
    "publisher": "HarperCollins UK",
    "publishedDate": "2017-07-11",
    "description": "A short, intense and profoundly moving debut novel about race, identity, sex and death – from one of the National Book Foundation’s 5 Under 35",
    "industryIdentifiers": [
      {
        "type": "ISBN_13",
        "identifier": "9780008245955"
      },
      {
        "type": "ISBN_10",
        "identifier": "0008245959"
      }
    ],
    "readingModes": {
      "text": true,
      "image": false
    },
    "pageCount": 224,
    "printType": "BOOK",
    "categories": [
      "Fiction"
    ],
    "averageRating": 3,
    "ratingsCount": 9,
    "maturityRating": "NOT_MATURE",
    "allowAnonLogging": true,
    "contentVersion": "1.4.4.0.preview.2",
    "panelizationSummary": {
      "containsEpubBubbles": false,
      "containsImageBubbles": false
    },
    "imageLinks": {
      "smallThumbnail": "http://books.google.com/books/content?id=NWrpDQAAQBAJ&printsec=frontcover&img=1&zoom=5&edge=curl&source=gbs_api",
      "thumbnail": "http://books.google.com/books/content?id=NWrpDQAAQBAJ&printsec=frontcover&img=1&zoom=1&edge=curl&source=gbs_api"
    },
    "language": "en",
    "previewLink": "http://books.google.co.uk/books?id=NWrpDQAAQBAJ&printsec=frontcover&dq=what+we+lose&hl=&as_brr=6&cd=1&source=gbs_api",
    "infoLink": "https://play.google.com/store/books/details?id=NWrpDQAAQBAJ&source=gbs_api",
    "canonicalVolumeLink": "https://play.google.com/store/books/details?id=NWrpDQAAQBAJ"
  },
  "saleInfo": {
    "country": "GB",
    "saleability": "FOR_SALE",
    "isEbook": true,
    "listPrice": {
      "amount": 2.99,
      "currencyCode": "GBP"
    },
    "retailPrice": {
      "amount": 2.99,
      "currencyCode": "GBP"
    },
    "buyLink": "https://play.google.com/store/books/details?id=NWrpDQAAQBAJ&rdid=book-NWrpDQAAQBAJ&rdot=1&source=gbs_api",
    "offers": [
      {
        "finskyOfferType": 1,
        "listPrice": {
          "amountInMicros": 2990000,
          "currencyCode": "GBP"
        },
        "retailPrice": {
          "amountInMicros": 2990000,
          "currencyCode": "GBP"
        },
        "giftable": true
      }
    ]
  },
  "accessInfo": {
    "country": "GB",
    "viewability": "PARTIAL",
    "embeddable": true,
    "publicDomain": false,
    "textToSpeechPermission": "ALLOWED_FOR_ACCESSIBILITY",
    "epub": {
      "isAvailable": true,
      "acsTokenLink": "http://books.google.co.uk/books/download/What_We_Lose-sample-epub.acsm?id=NWrpDQAAQBAJ&format=epub&output=acs4_fulfillment_token&dl_type=sample&source=gbs_api"
    },
    "pdf": {
      "isAvailable": false
    },
    "webReaderLink": "http://play.google.com/books/reader?id=NWrpDQAAQBAJ&hl=&as_brr=6&printsec=frontcover&source=gbs_api",
    "accessViewStatus": "SAMPLE",
    "quoteSharingAllowed": false
  },
  "searchInfo": {
    "textSnippet": "A short, intense and profoundly moving debut novel about race, identity, sex and death – from one of the National Book Foundation’s 5 Under 35"
  }
},{
  "kind": "books#volume",
  "id": "BnudfIm9NMUC",
  "etag": "EtkwgDCEd0Y",
  "selfLink": "https://www.googleapis.com/books/v1/volumes/BnudfIm9NMUC",
  "volumeInfo": {
    "title": "The Good Lord Bird",
    "subtitle": "A Novel",
    "authors": [
      "James McBride"
    ],
    "publisher": "Penguin",
    "publishedDate": "2013-08-20",
    "description": "Soon to be a Showtime limited series starring Ethan Hawke Winner of the National Book Award for Fiction A Washington Post, Publishers Weekly, Oprah Magazine Top 10 Book of the Year From the bestselling author of The Color of Water, Song Yet Sung, Five-Carat Soul, and Kill 'Em and Leave, a James Brown biography, comes the story of a young boy born a slave who joins John Brown’s antislavery crusade—and who must pass as a girl to survive. Henry Shackleford is a young slave living in the Kansas Territory in 1857, when the region is a battleground between anti- and pro-slavery forces. When John Brown, the legendary abolitionist, arrives in the area, an argument between Brown and Henry’s master quickly turns violent. Henry is forced to leave town—with Brown, who believes he’s a girl. Over the ensuing months, Henry—whom Brown nicknames Little Onion—conceals his true identity as he struggles to stay alive. Eventually Little Onion finds himself with Brown at the historic raid on Harpers Ferry in 1859—one of the great catalysts for the Civil War. An absorbing mixture of history and imagination, and told with McBride’s meticulous eye for detail and character, The Good Lord Bird is both a rousing adventure and a moving exploration of identity and survival.",
    "industryIdentifiers": [
      {
        "type": "ISBN_13",
        "identifier": "9781101616185"
      },
      {
        "type": "ISBN_10",
        "identifier": "1101616180"
      }
    ],
    "readingModes": {
      "text": true,
      "image": false
    },
    "pageCount": 480,
    "printType": "BOOK",
    "categories": [
      "Fiction"
    ],
    "averageRating": 4,
    "ratingsCount": 60,
    "maturityRating": "NOT_MATURE",
    "allowAnonLogging": true,
    "contentVersion": "1.12.13.0.preview.2",
    "panelizationSummary": {
      "containsEpubBubbles": false,
      "containsImageBubbles": false
    },
    "imageLinks": {
      "smallThumbnail": "http://books.google.com/books/content?id=BnudfIm9NMUC&printsec=frontcover&img=1&zoom=5&edge=curl&source=gbs_api",
      "thumbnail": "http://books.google.com/books/content?id=BnudfIm9NMUC&printsec=frontcover&img=1&zoom=1&edge=curl&source=gbs_api"
    },
    "language": "en",
    "previewLink": "http://books.google.co.uk/books?id=BnudfIm9NMUC&printsec=frontcover&dq=Five-Carat+Soul&hl=&as_brr=6&cd=1&source=gbs_api",
    "infoLink": "https://play.google.com/store/books/details?id=BnudfIm9NMUC&source=gbs_api",
    "canonicalVolumeLink": "https://play.google.com/store/books/details?id=BnudfIm9NMUC"
  },
  "saleInfo": {
    "country": "GB",
    "saleability": "FOR_SALE",
    "isEbook": true,
    "listPrice": {
      "amount": 12.15,
      "currencyCode": "GBP"
    },
    "retailPrice": {
      "amount": 8.38,
      "currencyCode": "GBP"
    },
    "buyLink": "https://play.google.com/store/books/details?id=BnudfIm9NMUC&rdid=book-BnudfIm9NMUC&rdot=1&source=gbs_api",
    "offers": [
      {
        "finskyOfferType": 1,
        "listPrice": {
          "amountInMicros": 12150000,
          "currencyCode": "GBP"
        },
        "retailPrice": {
          "amountInMicros": 8380000,
          "currencyCode": "GBP"
        },
        "giftable": true
      }
    ]
  },
  "accessInfo": {
    "country": "GB",
    "viewability": "PARTIAL",
    "embeddable": true,
    "publicDomain": false,
    "textToSpeechPermission": "ALLOWED_FOR_ACCESSIBILITY",
    "epub": {
      "isAvailable": true,
      "acsTokenLink": "http://books.google.co.uk/books/download/The_Good_Lord_Bird-sample-epub.acsm?id=BnudfIm9NMUC&format=epub&output=acs4_fulfillment_token&dl_type=sample&source=gbs_api"
    },
    "pdf": {
      "isAvailable": false
    },
    "webReaderLink": "http://play.google.com/books/reader?id=BnudfIm9NMUC&hl=&as_brr=6&printsec=frontcover&source=gbs_api",
    "accessViewStatus": "SAMPLE",
    "quoteSharingAllowed": false
  },
  "searchInfo": {
    "textSnippet": "Soon to be a Showtime limited series starring Ethan Hawke Winner of the National Book Award for Fiction A Washington Post, Publishers Weekly, Oprah Magazine Top 10 Book of the Year From the bestselling author of The Color of Water, Song Yet ..."
  }
},{
  "kind": "books#volume",
  "id": "xeHGDgAAQBAJ",
  "etag": "LGyXXD8pnVs",
  "selfLink": "https://www.googleapis.com/books/v1/volumes/xeHGDgAAQBAJ",
  "volumeInfo": {
    "title": "Ordinary Light",
    "authors": [
      "John S. Green"
    ],
    "publisher": "Xlibris Corporation",
    "publishedDate": "2017-04-18",
    "description": "Real, raw, and funny, the voice of John S. Green takes you on a lifelong journey of seeking sacred resting places in the middle of lifes ever increasing chaos and distractions. Headlines scream, Beware! Look out! The end is near! A lightning, flashing, neon pulse that blinds us from the ordinary light. His poems and lyrics inspire hope through the pure emotion and honesty of his quest. With images that range from rodeos and dogs to his wife and an alien goddess, John explores the range of what it is to live inside the human heart.",
    "industryIdentifiers": [
      {
        "type": "ISBN_13",
        "identifier": "9781543413229"
      },
      {
        "type": "ISBN_10",
        "identifier": "1543413226"
      }
    ],
    "readingModes": {
      "text": true,
      "image": true
    },
    "pageCount": 64,
    "printType": "BOOK",
    "categories": [
      "Poetry"
    ],
    "maturityRating": "NOT_MATURE",
    "allowAnonLogging": false,
    "contentVersion": "preview-1.0.0",
    "panelizationSummary": {
      "containsEpubBubbles": false,
      "containsImageBubbles": false
    },
    "imageLinks": {
      "smallThumbnail": "http://books.google.com/books/content?id=xeHGDgAAQBAJ&printsec=frontcover&img=1&zoom=5&edge=curl&source=gbs_api",
      "thumbnail": "http://books.google.com/books/content?id=xeHGDgAAQBAJ&printsec=frontcover&img=1&zoom=1&edge=curl&source=gbs_api"
    },
    "language": "en",
    "previewLink": "http://books.google.co.uk/books?id=xeHGDgAAQBAJ&printsec=frontcover&dq=ordinary+light&hl=&as_brr=6&cd=1&source=gbs_api",
    "infoLink": "https://play.google.com/store/books/details?id=xeHGDgAAQBAJ&source=gbs_api",
    "canonicalVolumeLink": "https://play.google.com/store/books/details?id=xeHGDgAAQBAJ"
  },
  "saleInfo": {
    "country": "GB",
    "saleability": "FOR_SALE",
    "isEbook": true,
    "listPrice": {
      "amount": 4.79,
      "currencyCode": "GBP"
    },
    "retailPrice": {
      "amount": 3.83,
      "currencyCode": "GBP"
    },
    "buyLink": "https://play.google.com/store/books/details?id=xeHGDgAAQBAJ&rdid=book-xeHGDgAAQBAJ&rdot=1&source=gbs_api",
    "offers": [
      {
        "finskyOfferType": 1,
        "listPrice": {
          "amountInMicros": 4790000,
          "currencyCode": "GBP"
        },
        "retailPrice": {
          "amountInMicros": 3830000,
          "currencyCode": "GBP"
        },
        "giftable": true
      }
    ]
  },
  "accessInfo": {
    "country": "GB",
    "viewability": "PARTIAL",
    "embeddable": true,
    "publicDomain": false,
    "textToSpeechPermission": "ALLOWED",
    "epub": {
      "isAvailable": true,
      "acsTokenLink": "http://books.google.co.uk/books/download/Ordinary_Light-sample-epub.acsm?id=xeHGDgAAQBAJ&format=epub&output=acs4_fulfillment_token&dl_type=sample&source=gbs_api"
    },
    "pdf": {
      "isAvailable": true,
      "acsTokenLink": "http://books.google.co.uk/books/download/Ordinary_Light-sample-pdf.acsm?id=xeHGDgAAQBAJ&format=pdf&output=acs4_fulfillment_token&dl_type=sample&source=gbs_api"
    },
    "webReaderLink": "http://play.google.com/books/reader?id=xeHGDgAAQBAJ&hl=&as_brr=6&printsec=frontcover&source=gbs_api",
    "accessViewStatus": "SAMPLE",
    "quoteSharingAllowed": false
  },
  "searchInfo": {
    "textSnippet": "Real, raw, and funny, the voice of John S. Green takes you on a lifelong journey of seeking sacred resting places in the middle of lifes ever increasing chaos and distractions."
  }
},{
  "kind": "books#volume",
  "id": "f2KMDwAAQBAJ",
  "etag": "Bwf+lFdPBtc",
  "selfLink": "https://www.googleapis.com/books/v1/volumes/f2KMDwAAQBAJ",
  "volumeInfo": {
    "title": "The Water Dancer",
    "authors": [
      "Ta-Nehisi Coates"
    ],
    "publisher": "Penguin UK",
    "publishedDate": "2019-10-03",
    "description": "The unmissable debut novel by the critically acclaimed author of Between the World and Me andWe Were Eight Years in Power - a richly imagined and compulsively page-turning journey to freedom OPRAH BOOK CLUB PICK 'I haven't felt this way since I first read Beloved... I wish Toni [Morrison] was alive to actually read this book. She would be so proud' - Oprah Hiram Walker is born into bondage on a Virginia plantation. But he is also born gifted with a mysterious power that he won't discover until he is almost a man, when he risks everything for a chance to escape. One fateful decision will carry him away from his makeshift plantation family - his adoptive mother, Thena, a woman of few words and many secrets, and his beloved, angry Sophia - and into the covert heart of the underground war on slavery. Hidden amidst the corrupt grandeur of white plantation society, exiled as guerrilla cells in the wilderness, buried in the coffin of the deep South and agitating for utopian ideals in the North, there exists a widespread network of secret agents working to liberate the enslaved. Hiram joins their ranks and learns fast but in his heart he yearns to return to his own still-enslaved family, to topple the plantation that was his first home. But to do so, he must first master his unique power and reclaim the story of his greatest loss. Propulsive, transcendent and blazing with truth, The Water Dancer is a story of oppression and resistance, separation and homecoming. Ta-Nehisi Coates imagines the covert war of an enslaved people in response to a generations-long human atrocity - a war for the right to life, to kin, to freedom. 'One of the best books I have ever read in my entire life. Right up there in the top five. I was enthralled, I was devastated. I felt hope, I felt gratitude, I felt joy... [Ta-Nehisi Coates] is a magnificent writer' Oprah",
    "industryIdentifiers": [
      {
        "type": "ISBN_13",
        "identifier": "9780241982525"
      },
      {
        "type": "ISBN_10",
        "identifier": "0241982529"
      }
    ],
    "readingModes": {
      "text": true,
      "image": false
    },
    "pageCount": 432,
    "printType": "BOOK",
    "categories": [
      "Fiction"
    ],
    "maturityRating": "NOT_MATURE",
    "allowAnonLogging": true,
    "contentVersion": "1.4.4.0.preview.2",
    "panelizationSummary": {
      "containsEpubBubbles": false,
      "containsImageBubbles": false
    },
    "imageLinks": {
      "smallThumbnail": "http://books.google.com/books/content?id=f2KMDwAAQBAJ&printsec=frontcover&img=1&zoom=5&edge=curl&source=gbs_api",
      "thumbnail": "http://books.google.com/books/content?id=f2KMDwAAQBAJ&printsec=frontcover&img=1&zoom=1&edge=curl&source=gbs_api"
    },
    "language": "en",
    "previewLink": "http://books.google.co.uk/books?id=f2KMDwAAQBAJ&printsec=frontcover&dq=the+water+dancer&hl=&as_brr=6&cd=1&source=gbs_api",
    "infoLink": "https://play.google.com/store/books/details?id=f2KMDwAAQBAJ&source=gbs_api",
    "canonicalVolumeLink": "https://play.google.com/store/books/details?id=f2KMDwAAQBAJ"
  },
  "saleInfo": {
    "country": "GB",
    "saleability": "FOR_SALE",
    "isEbook": true,
    "listPrice": {
      "amount": 6.99,
      "currencyCode": "GBP"
    },
    "retailPrice": {
      "amount": 6.99,
      "currencyCode": "GBP"
    },
    "buyLink": "https://play.google.com/store/books/details?id=f2KMDwAAQBAJ&rdid=book-f2KMDwAAQBAJ&rdot=1&source=gbs_api",
    "offers": [
      {
        "finskyOfferType": 1,
        "listPrice": {
          "amountInMicros": 6990000,
          "currencyCode": "GBP"
        },
        "retailPrice": {
          "amountInMicros": 6990000,
          "currencyCode": "GBP"
        },
        "giftable": true
      }
    ]
  },
  "accessInfo": {
    "country": "GB",
    "viewability": "PARTIAL",
    "embeddable": true,
    "publicDomain": false,
    "textToSpeechPermission": "ALLOWED_FOR_ACCESSIBILITY",
    "epub": {
      "isAvailable": true,
      "acsTokenLink": "http://books.google.co.uk/books/download/The_Water_Dancer-sample-epub.acsm?id=f2KMDwAAQBAJ&format=epub&output=acs4_fulfillment_token&dl_type=sample&source=gbs_api"
    },
    "pdf": {
      "isAvailable": false
    },
    "webReaderLink": "http://play.google.com/books/reader?id=f2KMDwAAQBAJ&hl=&as_brr=6&printsec=frontcover&source=gbs_api",
    "accessViewStatus": "SAMPLE",
    "quoteSharingAllowed": false
  },
  "searchInfo": {
    "textSnippet": "I wish Toni [Morrison] was alive to actually read this book. She would be so proud&#39; - Oprah Hiram Walker is born into bondage on a Virginia plantation."
  }
},{
  "kind": "books#volume",
  "id": "tiSPDAAAQBAJ",
  "etag": "emvpRh8TqZ0",
  "selfLink": "https://www.googleapis.com/books/v1/volumes/tiSPDAAAQBAJ",
  "volumeInfo": {
    "title": "Known and Strange Things",
    "authors": [
      "Teju Cole"
    ],
    "publisher": "Faber & Faber",
    "publishedDate": "2016-08-16",
    "description": "A blazingly intelligent first collection of essays from the award-winning author of Open City and Every Day Is for the Thief. With these pieces on politics, photography, travel, history and literature - many of which have become viral sensations, shared and debated around the globe - Teju Cole solidifies his place as one of today's most powerful and original voices. On page after page, deploying prose dense with beauty and ideas, he finds fresh and potent ways to interpret art, people and historical moments. Cole tells of his engagement with Virginia Woolf through her diaries, before reflecting on an episode of temporary blindness in New York. He looks at the rise of Instagram and interrogates the value of its images. He examines the transition of the candidate Obama, the avid reader, into a 'forever-war' president on the global stage. Persuasive and provocative, erudite yet accessible, Known and Strange Things is an opportunity to live within Teju Cole's wide-ranging enthusiasms, curiosities and passions, and a chance to see the world in surprising and affecting new frames. 'A book written with a scalpel, a microscope, and walking shoes, full of telling details and sometimes big surprises.' Rebecca Solnit",
    "industryIdentifiers": [
      {
        "type": "ISBN_13",
        "identifier": "9780571328079"
      },
      {
        "type": "ISBN_10",
        "identifier": "0571328075"
      }
    ],
    "readingModes": {
      "text": true,
      "image": true
    },
    "pageCount": 304,
    "printType": "BOOK",
    "categories": [
      "Literary Collections"
    ],
    "averageRating": 4.5,
    "ratingsCount": 4,
    "maturityRating": "NOT_MATURE",
    "allowAnonLogging": true,
    "contentVersion": "0.1.3.0.preview.3",
    "panelizationSummary": {
      "containsEpubBubbles": false,
      "containsImageBubbles": false
    },
    "imageLinks": {
      "smallThumbnail": "http://books.google.com/books/content?id=tiSPDAAAQBAJ&printsec=frontcover&img=1&zoom=5&edge=curl&source=gbs_api",
      "thumbnail": "http://books.google.com/books/content?id=tiSPDAAAQBAJ&printsec=frontcover&img=1&zoom=1&edge=curl&source=gbs_api"
    },
    "language": "en",
    "previewLink": "http://books.google.co.uk/books?id=tiSPDAAAQBAJ&printsec=frontcover&dq=Known+and+Strange+Things&hl=&as_brr=6&cd=1&source=gbs_api",
    "infoLink": "https://play.google.com/store/books/details?id=tiSPDAAAQBAJ&source=gbs_api",
    "canonicalVolumeLink": "https://play.google.com/store/books/details?id=tiSPDAAAQBAJ"
  },
  "saleInfo": {
    "country": "GB",
    "saleability": "FOR_SALE",
    "isEbook": true,
    "listPrice": {
      "amount": 7.99,
      "currencyCode": "GBP"
    },
    "retailPrice": {
      "amount": 5.03,
      "currencyCode": "GBP"
    },
    "buyLink": "https://play.google.com/store/books/details?id=tiSPDAAAQBAJ&rdid=book-tiSPDAAAQBAJ&rdot=1&source=gbs_api",
    "offers": [
      {
        "finskyOfferType": 1,
        "listPrice": {
          "amountInMicros": 7990000,
          "currencyCode": "GBP"
        },
        "retailPrice": {
          "amountInMicros": 5030000,
          "currencyCode": "GBP"
        },
        "giftable": true
      }
    ]
  },
  "accessInfo": {
    "country": "GB",
    "viewability": "PARTIAL",
    "embeddable": true,
    "publicDomain": false,
    "textToSpeechPermission": "ALLOWED",
    "epub": {
      "isAvailable": true,
      "acsTokenLink": "http://books.google.co.uk/books/download/Known_and_Strange_Things-sample-epub.acsm?id=tiSPDAAAQBAJ&format=epub&output=acs4_fulfillment_token&dl_type=sample&source=gbs_api"
    },
    "pdf": {
      "isAvailable": true,
      "acsTokenLink": "http://books.google.co.uk/books/download/Known_and_Strange_Things-sample-pdf.acsm?id=tiSPDAAAQBAJ&format=pdf&output=acs4_fulfillment_token&dl_type=sample&source=gbs_api"
    },
    "webReaderLink": "http://play.google.com/books/reader?id=tiSPDAAAQBAJ&hl=&as_brr=6&printsec=frontcover&source=gbs_api",
    "accessViewStatus": "SAMPLE",
    "quoteSharingAllowed": false
  },
  "searchInfo": {
    "textSnippet": "Persuasive and provocative, erudite yet accessible, Known and Strange Things is an opportunity to live within Teju Cole&#39;s wide-ranging enthusiasms, curiosities and passions, and a chance to see the world in surprising and affecting new ..."
  }
},{
  "kind": "books#volume",
  "id": "OqJaDwAAQBAJ",
  "etag": "R0HARHqOaFM",
  "selfLink": "https://www.googleapis.com/books/v1/volumes/OqJaDwAAQBAJ",
  "volumeInfo": {
    "title": "Black Is the Body",
    "subtitle": "Stories from My Grandmother's Time, My Mother's Time, and Mine",
    "authors": [
      "Emily Bernard"
    ],
    "publisher": "Knopf",
    "publishedDate": "2019-01-29",
    "description": "An extraordinary, exquisitely written memoir (of sorts) that looks at race--in a fearless, penetrating, honest, true way--in twelve telltale, connected, deeply personal essays that explore, up-close, the complexities and paradoxes, the haunting memories and ambushing realities of growing up black in the South with a family name inherited from a white man, of getting a PhD from Yale, of marrying a white man from the North, of adopting two babies from Ethiopia, of teaching at a white college and living in America's New England today. From the acclaimed editor of Remember Me to Harlem: The Letters of Langston Hughes and Carl Van Vechten (\"A major contribution,\" Henry Louis Gates; \"Magnificent,\" Washington Post). \"I am black--and brown, too,\" writes Emily Bernard. \"Brown is the body I was born into. Black is the body of the stories I tell.\" And the storytelling, and the mystery of Bernard's storytelling, of getting to the truth, begins with a stabbing in a New England college town. Bernard writes how, when she was a graduate student at Yale, she walked into a coffee shop and, along with six other people, was randomly attacked by a stranger with a knife (\"I remember making the decision not to let the oddness of this stranger bother me\"). \"I was not stabbed because I was black,\" she writes (the attacker was white), \"but I have always viewed the violence I survived as a metaphor for the violent encounter that has generally characterized American race relations. There was no connection between us, yet we were suddenly and irreparably bound by a knife, an attachment that cost us both: him, his freedom; me, my wholeness.\" Bernard explores how that bizarre act of violence set her free and unleashed the storyteller in her (\"The equation of writing and regeneration is fundamental to black American experience\"). She writes in Black Is the Body how each of the essays goes beyond a narrative of black innocence and white guilt, how each is anchored in a mystery, and how each sets out to discover a new way of telling the truth as the author has lived it. \"Blackness is an art, not a science. It is a paradox: intangible and visceral; a situation and a story. It is the thread that connects these essays, but its significance as an experience emerges randomly, unpredictably . . . Race is the story of my life, and therefore black is the body of this book.\" And what most interests Bernard is looking at \"blackness at its borders, where it meets whiteness in fear and hope, in anguish and love.\"",
    "industryIdentifiers": [
      {
        "type": "ISBN_13",
        "identifier": "9780451493033"
      },
      {
        "type": "ISBN_10",
        "identifier": "0451493036"
      }
    ],
    "readingModes": {
      "text": true,
      "image": false
    },
    "pageCount": 240,
    "printType": "BOOK",
    "categories": [
      "Biography & Autobiography"
    ],
    "averageRating": 3,
    "ratingsCount": 1,
    "maturityRating": "NOT_MATURE",
    "allowAnonLogging": true,
    "contentVersion": "1.4.4.0.preview.2",
    "panelizationSummary": {
      "containsEpubBubbles": false,
      "containsImageBubbles": false
    },
    "imageLinks": {
      "smallThumbnail": "http://books.google.com/books/content?id=OqJaDwAAQBAJ&printsec=frontcover&img=1&zoom=5&edge=curl&source=gbs_api",
      "thumbnail": "http://books.google.com/books/content?id=OqJaDwAAQBAJ&printsec=frontcover&img=1&zoom=1&edge=curl&source=gbs_api"
    },
    "language": "en",
    "previewLink": "http://books.google.co.uk/books?id=OqJaDwAAQBAJ&printsec=frontcover&dq=black+is+the+body&hl=&as_brr=6&cd=1&source=gbs_api",
    "infoLink": "https://play.google.com/store/books/details?id=OqJaDwAAQBAJ&source=gbs_api",
    "canonicalVolumeLink": "https://play.google.com/store/books/details?id=OqJaDwAAQBAJ"
  },
  "saleInfo": {
    "country": "GB",
    "saleability": "FOR_SALE",
    "isEbook": true,
    "listPrice": {
      "amount": 5.04,
      "currencyCode": "GBP"
    },
    "retailPrice": {
      "amount": 3.63,
      "currencyCode": "GBP"
    },
    "buyLink": "https://play.google.com/store/books/details?id=OqJaDwAAQBAJ&rdid=book-OqJaDwAAQBAJ&rdot=1&source=gbs_api",
    "offers": [
      {
        "finskyOfferType": 1,
        "listPrice": {
          "amountInMicros": 5040000,
          "currencyCode": "GBP"
        },
        "retailPrice": {
          "amountInMicros": 3630000,
          "currencyCode": "GBP"
        },
        "giftable": true
      }
    ]
  },
  "accessInfo": {
    "country": "GB",
    "viewability": "PARTIAL",
    "embeddable": true,
    "publicDomain": false,
    "textToSpeechPermission": "ALLOWED_FOR_ACCESSIBILITY",
    "epub": {
      "isAvailable": true,
      "acsTokenLink": "http://books.google.co.uk/books/download/Black_Is_the_Body-sample-epub.acsm?id=OqJaDwAAQBAJ&format=epub&output=acs4_fulfillment_token&dl_type=sample&source=gbs_api"
    },
    "pdf": {
      "isAvailable": false
    },
    "webReaderLink": "http://play.google.com/books/reader?id=OqJaDwAAQBAJ&hl=&as_brr=6&printsec=frontcover&source=gbs_api",
    "accessViewStatus": "SAMPLE",
    "quoteSharingAllowed": false
  },
  "searchInfo": {
    "textSnippet": "It is the thread that connects these essays, but its significance as an experience emerges randomly, unpredictably. . . . Race is the story of my life, and therefore black is the body of this book.”"
  }
},{
  "kind": "books#volume",
  "id": "Kv16DwAAQBAJ",
  "etag": "h1hff6YoLh0",
  "selfLink": "https://www.googleapis.com/books/v1/volumes/Kv16DwAAQBAJ",
  "volumeInfo": {
    "title": "It's Trevor Noah: Born a Crime",
    "authors": [
      "Trevor Noah"
    ],
    "publisher": "Hachette UK",
    "publishedDate": "2019-04-04",
    "description": "The host of The Daily Show, Trevor Noah, tells the story of growing up mixed race in South Africa under and after apartheid in this young readers' adaptation of his bestselling adult memoir Born a Crime: Stories from a South African Childhood. BORN A CRIME IS SOON TO BE A MAJOR MOTION PICTURE STARRING OSCAR-WINNER LUPITA NYONG'O! Trevor Noah, host ofThe Daily Show, shares his remarkable story of growing up in South Africa, with a black South African mother and a white European father at a time when it was against the law for a mixed-race child like him to exist. But he did exist -- and from the beginning, the often-misbehaved Trevor used his keen smarts and humour to navigate a harsh life under a racist government. This compelling memoir blends drama, comedy and tragedy to depict the day-to-day trials that turned a boy into a young man. In a country where racism barred blacks from social, educational, and economic opportunity, Trevor surmounted staggering obstacles and created a promising future for himself, thanks to his mom's unwavering love and indomitable will. It's Trevor Noah: Born a Crime not only provides a fascinating and honest perspective on South Africa's racial history, but it will also astound and inspire young readers looking to improve their own lives.",
    "industryIdentifiers": [
      {
        "type": "ISBN_13",
        "identifier": "9781529318753"
      },
      {
        "type": "ISBN_10",
        "identifier": "1529318750"
      }
    ],
    "readingModes": {
      "text": true,
      "image": false
    },
    "pageCount": 304,
    "printType": "BOOK",
    "categories": [
      "Young Adult Nonfiction"
    ],
    "averageRating": 4,
    "ratingsCount": 1,
    "maturityRating": "NOT_MATURE",
    "allowAnonLogging": true,
    "contentVersion": "1.3.3.0.preview.2",
    "panelizationSummary": {
      "containsEpubBubbles": false,
      "containsImageBubbles": false
    },
    "imageLinks": {
      "smallThumbnail": "http://books.google.com/books/content?id=Kv16DwAAQBAJ&printsec=frontcover&img=1&zoom=5&edge=curl&source=gbs_api",
      "thumbnail": "http://books.google.com/books/content?id=Kv16DwAAQBAJ&printsec=frontcover&img=1&zoom=1&edge=curl&source=gbs_api"
    },
    "language": "en",
    "previewLink": "http://books.google.co.uk/books?id=Kv16DwAAQBAJ&printsec=frontcover&dq=born+a+crime&hl=&as_brr=6&cd=1&source=gbs_api",
    "infoLink": "https://play.google.com/store/books/details?id=Kv16DwAAQBAJ&source=gbs_api",
    "canonicalVolumeLink": "https://play.google.com/store/books/details?id=Kv16DwAAQBAJ"
  },
  "saleInfo": {
    "country": "GB",
    "saleability": "FOR_SALE",
    "isEbook": true,
    "listPrice": {
      "amount": 3.99,
      "currencyCode": "GBP"
    },
    "retailPrice": {
      "amount": 3.99,
      "currencyCode": "GBP"
    },
    "buyLink": "https://play.google.com/store/books/details?id=Kv16DwAAQBAJ&rdid=book-Kv16DwAAQBAJ&rdot=1&source=gbs_api",
    "offers": [
      {
        "finskyOfferType": 1,
        "listPrice": {
          "amountInMicros": 3990000,
          "currencyCode": "GBP"
        },
        "retailPrice": {
          "amountInMicros": 3990000,
          "currencyCode": "GBP"
        },
        "giftable": true
      }
    ]
  },
  "accessInfo": {
    "country": "GB",
    "viewability": "PARTIAL",
    "embeddable": true,
    "publicDomain": false,
    "textToSpeechPermission": "ALLOWED_FOR_ACCESSIBILITY",
    "epub": {
      "isAvailable": true,
      "acsTokenLink": "http://books.google.co.uk/books/download/It_s_Trevor_Noah_Born_a_Crime-sample-epub.acsm?id=Kv16DwAAQBAJ&format=epub&output=acs4_fulfillment_token&dl_type=sample&source=gbs_api"
    },
    "pdf": {
      "isAvailable": false
    },
    "webReaderLink": "http://play.google.com/books/reader?id=Kv16DwAAQBAJ&hl=&as_brr=6&printsec=frontcover&source=gbs_api",
    "accessViewStatus": "SAMPLE",
    "quoteSharingAllowed": false
  },
  "searchInfo": {
    "textSnippet": "ADAPTED FOR YOUNG READERS The host of The Daily Show, Trevor Noah, tells the story of growing up mixed race in South Africa under and after apartheid in this young readers&#39; adaptation of his bestselling adult memoir Born a Crime: Stories ..."
  }
},{
  "kind": "books#volume",
  "id": "udzdZ7oHIdgC",
  "etag": "HxUMnaR9fCY",
  "selfLink": "https://www.googleapis.com/books/v1/volumes/udzdZ7oHIdgC",
  "volumeInfo": {
    "title": "Zone One",
    "authors": [
      "Colson Whitehead"
    ],
    "publisher": "Random House",
    "publishedDate": "2011-10-06",
    "description": "From the author of the Man Booker longlisted The Underground Railroad A pandemic has devastated the planet, sorting humanity into two types: the uninfected and the infected, the living and the living dead. The worst of the plague is now past, and Manhattan is slowly being resettled. Armed forces have successfully reclaimed the island south of Canal Street – aka ‘Zone One’ and teams of civilian volunteers are clearing out the remaining infected ‘stragglers’. Mark Spitz is a member of one of these taskforces and over three surreal days he undertakes the mundane mission of malfunctioning zombie removal, the rigours of Post-Apocalyptic Stress Disorder, and attempting to come to terms with a fallen world. But then things start to go terribly wrong...",
    "industryIdentifiers": [
      {
        "type": "ISBN_13",
        "identifier": "9781446485989"
      },
      {
        "type": "ISBN_10",
        "identifier": "1446485986"
      }
    ],
    "readingModes": {
      "text": true,
      "image": false
    },
    "pageCount": 272,
    "printType": "BOOK",
    "categories": [
      "Fiction"
    ],
    "averageRating": 3,
    "ratingsCount": 139,
    "maturityRating": "NOT_MATURE",
    "allowAnonLogging": true,
    "contentVersion": "0.8.5.0.preview.2",
    "panelizationSummary": {
      "containsEpubBubbles": false,
      "containsImageBubbles": false
    },
    "imageLinks": {
      "smallThumbnail": "http://books.google.com/books/content?id=udzdZ7oHIdgC&printsec=frontcover&img=1&zoom=5&edge=curl&source=gbs_api",
      "thumbnail": "http://books.google.com/books/content?id=udzdZ7oHIdgC&printsec=frontcover&img=1&zoom=1&edge=curl&source=gbs_api"
    },
    "language": "en",
    "previewLink": "http://books.google.co.uk/books?id=udzdZ7oHIdgC&printsec=frontcover&dq=the+nickel+boys&hl=&as_brr=6&cd=1&source=gbs_api",
    "infoLink": "https://play.google.com/store/books/details?id=udzdZ7oHIdgC&source=gbs_api",
    "canonicalVolumeLink": "https://play.google.com/store/books/details?id=udzdZ7oHIdgC"
  },
  "saleInfo": {
    "country": "GB",
    "saleability": "FOR_SALE",
    "isEbook": true,
    "listPrice": {
      "amount": 4.99,
      "currencyCode": "GBP"
    },
    "retailPrice": {
      "amount": 4.99,
      "currencyCode": "GBP"
    },
    "buyLink": "https://play.google.com/store/books/details?id=udzdZ7oHIdgC&rdid=book-udzdZ7oHIdgC&rdot=1&source=gbs_api",
    "offers": [
      {
        "finskyOfferType": 1,
        "listPrice": {
          "amountInMicros": 4990000,
          "currencyCode": "GBP"
        },
        "retailPrice": {
          "amountInMicros": 4990000,
          "currencyCode": "GBP"
        },
        "giftable": true
      }
    ]
  },
  "accessInfo": {
    "country": "GB",
    "viewability": "PARTIAL",
    "embeddable": true,
    "publicDomain": false,
    "textToSpeechPermission": "ALLOWED_FOR_ACCESSIBILITY",
    "epub": {
      "isAvailable": true,
      "acsTokenLink": "http://books.google.co.uk/books/download/Zone_One-sample-epub.acsm?id=udzdZ7oHIdgC&format=epub&output=acs4_fulfillment_token&dl_type=sample&source=gbs_api"
    },
    "pdf": {
      "isAvailable": false
    },
    "webReaderLink": "http://play.google.com/books/reader?id=udzdZ7oHIdgC&hl=&as_brr=6&printsec=frontcover&source=gbs_api",
    "accessViewStatus": "SAMPLE",
    "quoteSharingAllowed": false
  },
  "searchInfo": {
    "textSnippet": "From the author of the Man Booker longlisted The Underground Railroad A pandemic has devastated the planet, sorting humanity into two types: the uninfected and the infected, the living and the living dead."
  }
},{
  "kind": "books#volume",
  "id": "CZJbDwAAQBAJ",
  "etag": "L+6R2bvA8Gk",
  "selfLink": "https://www.googleapis.com/books/v1/volumes/CZJbDwAAQBAJ",
  "volumeInfo": {
    "title": "We Cast a Shadow",
    "subtitle": "A Novel",
    "authors": [
      "Maurice Carlos Ruffin"
    ],
    "publisher": "One World",
    "publishedDate": "2019-01-29",
    "description": "“An incisive and necessary” (Roxane Gay) debut for fans of Get Out and Paul Beatty’s The Sellout, about a father’s obsessive quest to protect his son—even if it means turning him white Longlisted for the Center for Fiction First Novel Prize • “Stunning and audacious . . . at once a pitch-black comedy, a chilling horror story and an endlessly perceptive novel about the possible future of race in America.”—NPR NAMED ONE OF THE BEST BOOKS OF THE YEAR BY NPR AND THE WASHINGTON POST “You can be beautiful, even more beautiful than before.” This is the seductive promise of Dr. Nzinga’s clinic, where anyone can get their lips thinned, their skin bleached, and their nose narrowed. A complete demelanization will liberate you from the confines of being born in a black body—if you can afford it. In this near-future Southern city plagued by fenced-in ghettos and police violence, more and more residents are turning to this experimental medical procedure. Like any father, our narrator just wants the best for his son, Nigel, a biracial boy whose black birthmark is getting bigger by the day. The darker Nigel becomes, the more frightened his father feels. But how far will he go to protect his son? And will he destroy his family in the process? This electrifying, hallucinatory novel is at once a keen satire of surviving racism in America and a profoundly moving family story. At its center is a father who just wants his son to thrive in a broken world. Maurice Carlos Ruffin’s work evokes the clear vision of Ralph Ellison, the dizzying menace of Franz Kafka, and the crackling prose of Vladimir Nabokov. We Cast a Shadow fearlessly shines a light on the violence we inherit, and on the desperate things we do for the ones we love. LONGLISTED FOR THE PEN/OPEN BOOK AWARD “We Cast a Shadow asks some of the most important questions fiction can ask, and it does so with energetic and acrobatic prose, hilarious wordplay and great heart. . . . Love is at the core of this funny, beautiful novel . . . . At any moment, Ruffin can summon the kind of magic that makes you want to slow down, reread and experience the pleasure of him crystallizing an image again. . . . Read this book.”—Nana Kwame Adjei-Brenyah, The New York Times Book Review (Editors’ Choice) “A full-throated novelistic debut of ferocious power and grace . . . a story that refracts the insanity of the world into a shape so unique you wonder how this book wasn’t there all along.”—Lit Hub “Propulsive . . . We Cast a Shadow proves that the eeriest works of speculative fiction are those that hit closest to home.”—Vulture",
    "industryIdentifiers": [
      {
        "type": "ISBN_13",
        "identifier": "9780525509080"
      },
      {
        "type": "ISBN_10",
        "identifier": "0525509089"
      }
    ],
    "readingModes": {
      "text": true,
      "image": false
    },
    "pageCount": 336,
    "printType": "BOOK",
    "categories": [
      "Fiction"
    ],
    "averageRating": 4,
    "ratingsCount": 9,
    "maturityRating": "NOT_MATURE",
    "allowAnonLogging": true,
    "contentVersion": "1.1.1.0.preview.2",
    "panelizationSummary": {
      "containsEpubBubbles": false,
      "containsImageBubbles": false
    },
    "imageLinks": {
      "smallThumbnail": "http://books.google.com/books/content?id=CZJbDwAAQBAJ&printsec=frontcover&img=1&zoom=5&edge=curl&source=gbs_api",
      "thumbnail": "http://books.google.com/books/content?id=CZJbDwAAQBAJ&printsec=frontcover&img=1&zoom=1&edge=curl&source=gbs_api"
    },
    "language": "en",
    "previewLink": "http://books.google.co.uk/books?id=CZJbDwAAQBAJ&printsec=frontcover&dq=we+cast+a+shadow&hl=&as_brr=6&cd=1&source=gbs_api",
    "infoLink": "https://play.google.com/store/books/details?id=CZJbDwAAQBAJ&source=gbs_api",
    "canonicalVolumeLink": "https://play.google.com/store/books/details?id=CZJbDwAAQBAJ"
  },
  "saleInfo": {
    "country": "GB",
    "saleability": "FOR_SALE",
    "isEbook": true,
    "listPrice": {
      "amount": 6.04,
      "currencyCode": "GBP"
    },
    "retailPrice": {
      "amount": 4.05,
      "currencyCode": "GBP"
    },
    "buyLink": "https://play.google.com/store/books/details?id=CZJbDwAAQBAJ&rdid=book-CZJbDwAAQBAJ&rdot=1&source=gbs_api",
    "offers": [
      {
        "finskyOfferType": 1,
        "listPrice": {
          "amountInMicros": 6040000,
          "currencyCode": "GBP"
        },
        "retailPrice": {
          "amountInMicros": 4050000,
          "currencyCode": "GBP"
        },
        "giftable": true
      }
    ]
  },
  "accessInfo": {
    "country": "GB",
    "viewability": "PARTIAL",
    "embeddable": true,
    "publicDomain": false,
    "textToSpeechPermission": "ALLOWED_FOR_ACCESSIBILITY",
    "epub": {
      "isAvailable": true,
      "acsTokenLink": "http://books.google.co.uk/books/download/We_Cast_a_Shadow-sample-epub.acsm?id=CZJbDwAAQBAJ&format=epub&output=acs4_fulfillment_token&dl_type=sample&source=gbs_api"
    },
    "pdf": {
      "isAvailable": false
    },
    "webReaderLink": "http://play.google.com/books/reader?id=CZJbDwAAQBAJ&hl=&as_brr=6&printsec=frontcover&source=gbs_api",
    "accessViewStatus": "SAMPLE",
    "quoteSharingAllowed": false
  },
  "searchInfo": {
    "textSnippet": "“An incisive and necessary” (Roxane Gay) debut for fans of Get Out and Paul Beatty’s The Sellout, about a father’s obsessive quest to protect his son—even if it means turning him white “Stunning and audacious . . . at once a ..."
  }
},{
  "kind": "books#volume",
  "id": "ExJdDwAAQBAJ",
  "etag": "lFN+ekSX+50",
  "selfLink": "https://www.googleapis.com/books/v1/volumes/ExJdDwAAQBAJ",
  "volumeInfo": {
    "title": "Black Leopard, Red Wolf",
    "subtitle": "Dark Star Trilogy Book 1",
    "authors": [
      "Marlon James"
    ],
    "publisher": "Penguin UK",
    "publishedDate": "2019-02-05",
    "description": "The Sunday Times Number 1 Bestseller and A New York Times Bestseller 'Black Leopard, Red Wolf is the kind of novel I never realized I was missing until I read it. A dangerous, hallucinatory, ancient Africa, which becomes a fantasy world as well-realized as anything Tolkien made, with language as powerful as Angela Carter's. I cannot wait for the next installment' Neil Gaiman In this stunning follow-up to his Man Booker-winning A Brief History of Seven Killings, Marlon James draws on a rich tradition of African mythology, fantasy and history to imagine an ancient world, a lost child, an extraordinary hunter, and a mystery with many answers... 'The child is dead. There is nothing left to know.' Tracker is a hunter, known throughout the thirteen kingdoms as one who has a nose - and he always works alone. But he breaks his own rule when, hired to find a lost child, he finds himself part of a group of hunters all searching for the same boy. Each of these companions is stranger and more dangerous than the last, from a giant to a witch to a shape-shifting Leopard, and each has secrets of their own. As the mismatched gang follow the boy's scent from perfumed citadels to infested rivers to the enchanted darklands and beyond, set upon at every turn by creatures intent on destroying them, Tracker starts to wonder: who really is this mysterious boy? Why do so many people want to stop him being found? And, most important of all, who is telling the truth and who is lying? Marlon James weaves a tapestry of breathtaking adventure through a world at once ancient and startlingly modern. And, against this exhilarating backdrop of magic and violence, he explores the fundamentals of truth, the limits of power, the excesses of ambition, and our need to understand them all. Black Leopard, Red Wolf is the first novel in Marlon James's Dark Star Trilogy.",
    "industryIdentifiers": [
      {
        "type": "ISBN_13",
        "identifier": "9780241981849"
      },
      {
        "type": "ISBN_10",
        "identifier": "0241981840"
      }
    ],
    "readingModes": {
      "text": true,
      "image": false
    },
    "pageCount": 640,
    "printType": "BOOK",
    "categories": [
      "Fiction"
    ],
    "averageRating": 3,
    "ratingsCount": 17,
    "maturityRating": "NOT_MATURE",
    "allowAnonLogging": true,
    "contentVersion": "1.12.11.0.preview.2",
    "panelizationSummary": {
      "containsEpubBubbles": false,
      "containsImageBubbles": false
    },
    "imageLinks": {
      "smallThumbnail": "http://books.google.com/books/content?id=ExJdDwAAQBAJ&printsec=frontcover&img=1&zoom=5&edge=curl&source=gbs_api",
      "thumbnail": "http://books.google.com/books/content?id=ExJdDwAAQBAJ&printsec=frontcover&img=1&zoom=1&edge=curl&source=gbs_api"
    },
    "language": "en",
    "previewLink": "http://books.google.co.uk/books?id=ExJdDwAAQBAJ&printsec=frontcover&dq=Black+Leopard,+Red+Wolf&hl=&as_brr=6&cd=1&source=gbs_api",
    "infoLink": "https://play.google.com/store/books/details?id=ExJdDwAAQBAJ&source=gbs_api",
    "canonicalVolumeLink": "https://play.google.com/store/books/details?id=ExJdDwAAQBAJ"
  },
  "saleInfo": {
    "country": "GB",
    "saleability": "FOR_SALE",
    "isEbook": true,
    "listPrice": {
      "amount": 4.99,
      "currencyCode": "GBP"
    },
    "retailPrice": {
      "amount": 4.99,
      "currencyCode": "GBP"
    },
    "buyLink": "https://play.google.com/store/books/details?id=ExJdDwAAQBAJ&rdid=book-ExJdDwAAQBAJ&rdot=1&source=gbs_api",
    "offers": [
      {
        "finskyOfferType": 1,
        "listPrice": {
          "amountInMicros": 4990000,
          "currencyCode": "GBP"
        },
        "retailPrice": {
          "amountInMicros": 4990000,
          "currencyCode": "GBP"
        },
        "giftable": true
      }
    ]
  },
  "accessInfo": {
    "country": "GB",
    "viewability": "PARTIAL",
    "embeddable": true,
    "publicDomain": false,
    "textToSpeechPermission": "ALLOWED_FOR_ACCESSIBILITY",
    "epub": {
      "isAvailable": true,
      "acsTokenLink": "http://books.google.co.uk/books/download/Black_Leopard_Red_Wolf-sample-epub.acsm?id=ExJdDwAAQBAJ&format=epub&output=acs4_fulfillment_token&dl_type=sample&source=gbs_api"
    },
    "pdf": {
      "isAvailable": false
    },
    "webReaderLink": "http://play.google.com/books/reader?id=ExJdDwAAQBAJ&hl=&as_brr=6&printsec=frontcover&source=gbs_api",
    "accessViewStatus": "SAMPLE",
    "quoteSharingAllowed": false
  },
  "searchInfo": {
    "textSnippet": "&#39;A game-changing modern fantasy classic&#39; Financial Times &#39;Complex, lyrical, moving and furiously gripping... This new book will propel James into a new galaxy of literary stardom&#39; Observer"
  }
},{
  "kind": "books#volume",
  "id": "vE6MDwAAQBAJ",
  "etag": "bi1zEi1JzBk",
  "selfLink": "https://www.googleapis.com/books/v1/volumes/vE6MDwAAQBAJ",
  "volumeInfo": {
    "title": "More Than Enough",
    "subtitle": "Claiming Space for Who You Are (No Matter What They Say)",
    "authors": [
      "Elaine Welteroth"
    ],
    "publisher": "Random House",
    "publishedDate": "2019-06-13",
    "description": "In this part-manifesto, part-memoir, the revolutionary editor who infused social consciousness into the pages of Teen Vogue explores what it means to come into your own – on your own terms. Elaine Welteroth has climbed the ranks of media and fashion, shattering ceilings along the way. In this riveting and timely memoir, the groundbreaking editor unpacks lessons on race, identity, and success through her own journey, from navigating her way as the unstoppable child of a unlikely interracial marriage in small-town California to finding herself on the frontlines of a modern movement for the next generation of change makers. Welteroth moves beyond the headlines and highlight reels to share the profound lessons and struggles of being a barrier-breaker across so many intersections. As a young boss and the only black woman in the room, she's had enough of the world telling her – and all women – they're not enough. As she learns to rely on herself by looking both inward and upward, we're ultimately reminded that we're more than enough.",
    "industryIdentifiers": [
      {
        "type": "ISBN_13",
        "identifier": "9781473572966"
      },
      {
        "type": "ISBN_10",
        "identifier": "1473572967"
      }
    ],
    "readingModes": {
      "text": true,
      "image": false
    },
    "pageCount": 336,
    "printType": "BOOK",
    "categories": [
      "Biography & Autobiography"
    ],
    "averageRating": 4,
    "ratingsCount": 1,
    "maturityRating": "NOT_MATURE",
    "allowAnonLogging": true,
    "contentVersion": "1.1.1.0.preview.2",
    "panelizationSummary": {
      "containsEpubBubbles": false,
      "containsImageBubbles": false
    },
    "imageLinks": {
      "smallThumbnail": "http://books.google.com/books/content?id=vE6MDwAAQBAJ&printsec=frontcover&img=1&zoom=5&edge=curl&source=gbs_api",
      "thumbnail": "http://books.google.com/books/content?id=vE6MDwAAQBAJ&printsec=frontcover&img=1&zoom=1&edge=curl&source=gbs_api"
    },
    "language": "en",
    "previewLink": "http://books.google.co.uk/books?id=vE6MDwAAQBAJ&printsec=frontcover&dq=more+than+enough&hl=&as_brr=6&cd=1&source=gbs_api",
    "infoLink": "https://play.google.com/store/books/details?id=vE6MDwAAQBAJ&source=gbs_api",
    "canonicalVolumeLink": "https://play.google.com/store/books/details?id=vE6MDwAAQBAJ"
  },
  "saleInfo": {
    "country": "GB",
    "saleability": "FOR_SALE",
    "isEbook": true,
    "listPrice": {
      "amount": 4.99,
      "currencyCode": "GBP"
    },
    "retailPrice": {
      "amount": 4.99,
      "currencyCode": "GBP"
    },
    "buyLink": "https://play.google.com/store/books/details?id=vE6MDwAAQBAJ&rdid=book-vE6MDwAAQBAJ&rdot=1&source=gbs_api",
    "offers": [
      {
        "finskyOfferType": 1,
        "listPrice": {
          "amountInMicros": 4990000,
          "currencyCode": "GBP"
        },
        "retailPrice": {
          "amountInMicros": 4990000,
          "currencyCode": "GBP"
        },
        "giftable": true
      }
    ]
  },
  "accessInfo": {
    "country": "GB",
    "viewability": "PARTIAL",
    "embeddable": true,
    "publicDomain": false,
    "textToSpeechPermission": "ALLOWED_FOR_ACCESSIBILITY",
    "epub": {
      "isAvailable": true,
      "acsTokenLink": "http://books.google.co.uk/books/download/More_Than_Enough-sample-epub.acsm?id=vE6MDwAAQBAJ&format=epub&output=acs4_fulfillment_token&dl_type=sample&source=gbs_api"
    },
    "pdf": {
      "isAvailable": false
    },
    "webReaderLink": "http://play.google.com/books/reader?id=vE6MDwAAQBAJ&hl=&as_brr=6&printsec=frontcover&source=gbs_api",
    "accessViewStatus": "SAMPLE",
    "quoteSharingAllowed": false
  },
  "searchInfo": {
    "textSnippet": "Elaine Welteroth has climbed the ranks of media and fashion, shattering ceilings along the way."
  }
},{
  "kind": "books#volume",
  "id": "GNjBDwAAQBAJ",
  "etag": "Wk4USt+iIpQ",
  "selfLink": "https://www.googleapis.com/books/v1/volumes/GNjBDwAAQBAJ",
  "volumeInfo": {
    "title": "How Beautiful We Were",
    "authors": [
      "Imbolo Mbue"
    ],
    "publisher": "Canongate Books",
    "publishedDate": "2021-03-11",
    "description": "'A formidable storyteller' JONATHAN FRANZEN Set in the fictional African village of Kosawa, How Beautiful We Were tells the story of a people living in fear amidst environmental degradation wrought by an American oil company. Pipeline spills have rendered farmlands infertile. Children are dying from drinking toxic water. Promises of clean-up and financial reparations are made – and ignored. The country’s government, led by a brazen dictator, exists to serve its own interest only. Left with few choices, the people of Kosawa decide to fight back. But their fight will come at a steep price . . . one which generation after generation will have to pay. Told through the perspective of a generation of children and the family of a girl named Thula, How Beautiful We Were is a masterful exploration of what happens when the reckless drive for profit, coupled with the ghost of colonialism, comes up against one community’s determination to hold onto its ancestral land and a young woman’s willingness to sacrifice everything for the sake of her people’s freedom.",
    "industryIdentifiers": [
      {
        "type": "ISBN_13",
        "identifier": "9781838851361"
      },
      {
        "type": "ISBN_10",
        "identifier": "1838851364"
      }
    ],
    "readingModes": {
      "text": true,
      "image": false
    },
    "pageCount": 368,
    "printType": "BOOK",
    "categories": [
      "Fiction"
    ],
    "averageRating": 5,
    "ratingsCount": 1,
    "maturityRating": "NOT_MATURE",
    "allowAnonLogging": false,
    "contentVersion": "preview-1.0.0",
    "panelizationSummary": {
      "containsEpubBubbles": false,
      "containsImageBubbles": false
    },
    "imageLinks": {
      "smallThumbnail": "http://books.google.com/books/content?id=GNjBDwAAQBAJ&printsec=frontcover&img=1&zoom=5&source=gbs_api",
      "thumbnail": "http://books.google.com/books/content?id=GNjBDwAAQBAJ&printsec=frontcover&img=1&zoom=1&source=gbs_api"
    },
    "language": "en",
    "previewLink": "http://books.google.co.uk/books?id=GNjBDwAAQBAJ&dq=Imbolo+Mbue&hl=&as_brr=6&cd=1&source=gbs_api",
    "infoLink": "http://books.google.co.uk/books?id=GNjBDwAAQBAJ&dq=Imbolo+Mbue&hl=&as_brr=6&source=gbs_api",
    "canonicalVolumeLink": "https://books.google.com/books/about/How_Beautiful_We_Were.html?hl=&id=GNjBDwAAQBAJ"
  },
  "saleInfo": {
    "country": "GB",
    "saleability": "NOT_FOR_SALE",
    "isEbook": false
  },
  "accessInfo": {
    "country": "GB",
    "viewability": "NO_PAGES",
    "embeddable": false,
    "publicDomain": false,
    "textToSpeechPermission": "ALLOWED",
    "epub": {
      "isAvailable": false
    },
    "pdf": {
      "isAvailable": false
    },
    "webReaderLink": "http://play.google.com/books/reader?id=GNjBDwAAQBAJ&hl=&as_brr=6&printsec=frontcover&source=gbs_api",
    "accessViewStatus": "NONE",
    "quoteSharingAllowed": false
  },
  "searchInfo": {
    "textSnippet": "&#39;A formidable storyteller&#39; JONATHAN FRANZEN Set in the fictional African village of Kosawa, How Beautiful We Were tells the story of a people living in fear amidst environmental degradation wrought by an American oil company."
  }
},{
  "id": "R16QCgAAQBAJ",
  "volumeInfo": {
      "title": "Behold the Dreamers",
      "authors": [
          "Imbolo Mbue"
      ],
      "description": "A NEW YORK TIMES BOOK OF THE YEAR AN OBSERVER BOOK OF THE YEAR OPRAH BOOK CLUB PICK A powerful and timely story of marriage, class, race and the pursuit of the American Dream. Behold the Dreamers is a dazzling debut novel about life, liberty and the pursuit of happiness – and of what we’re prepared to sacrifice to hold on to each of them.",
      "imageLinks": {
          "thumbnail": "http://books.google.com/books/content?id=R16QCgAAQBAJ&printsec=frontcover&img=1&zoom=1&edge=curl&source=gbs_api"
      }
  },
  "saleInfo": {
      "retailPrice": {
          "amount": 3.99,
          "currencyCode": "GBP"
      }
  },
  "read": false
},{
  "id": "ELG6CgAAQBAJ",
  "volumeInfo": {
      "title": "What Is Not Yours Is Not Yours",
      "authors": [
          "Helen Oyeyemi"
      ],
      "description": "The stories collected in What Is Not Yours Is Not Yours are linked by more than the exquisitely winding prose of their creator: Helen Oyeyemi's ensemble cast of characters slip from the pages of their own stories only to surface in another. The reader is invited into a world of lost libraries and locked gardens, of marshlands where the drowned dead live and a city where all the clocks have stopped; students hone their skills at puppet school, the Homely Wench Society commits a guerrilla book-swap, and lovers exchange books and roses on St Jordi's Day. It is a collection of towering imagination, marked by baroque beauty and a deep sensuousness.",
      "imageLinks": {
          "thumbnail": "http://books.google.com/books/content?id=ELG6CgAAQBAJ&printsec=frontcover&img=1&zoom=1&edge=curl&source=gbs_api"
      }
  },
  "saleInfo": {
      "retailPrice": {
          "amount": 6.99,
          "currencyCode": "GBP"
      }
  },
  "read": false
},{
  "id": "L7c4CwAAQBAJ",
  "volumeInfo": {
      "title": "Homegoing",
      "authors": [
          "Yaa Gyasi"
      ],
      "description": "THE SUNDAY TIMES BESTSELLER Selected for Granta's Best of Young American Novelists 2017 Winner of the National Book Critics Circle Award for Best First Book Shortlisted for the PEN/Robert W. Bingham Prize for Debut Fiction Effia and Esi: two sisters with two very different destinies. One sold into slavery; one a slave trader's wife. The consequences of their fate reverberate through the generations that follow. Taking us from the Gold Coast of Africa to the cotton-picking plantations of Mississippi; from the missionary schools of Ghana to the dive bars of Harlem, spanning three continents and seven generations, Yaa Gyasi has written a miraculous novel - the intimate, gripping story of a brilliantly vivid cast of characters and through their lives the very story of America itself. Epic in its canvas and intimate in its portraits, Homegoing is a searing and profound debut from a masterly new writer.",
      "imageLinks": {
          "thumbnail": "http://books.google.com/books/content?id=L7c4CwAAQBAJ&printsec=frontcover&img=1&zoom=1&edge=curl&source=gbs_api"
      }
  },
  "saleInfo": {
      "retailPrice": {
          "amount": 3.99,
          "currencyCode": "GBP"
      }
  },
  "read": false
},{
  "id": "GLisDwAAQBAJ",
  "volumeInfo": {
      "title": "Red at the Bone",
      "authors": [
          "Jacqueline Woodson"
      ],
      "description": "THE TOP 10 NEW YORK TIMES BESTSELLER LONGLISTED FOR THE WOMEN'S PRIZE 2020 'Will remind you why you love reading' Stylist (Best New Books for 2020) 'Sublime... will strike you in the heart' Candice Carty-Williams, author of Queenie 'Profound, moving and consistently unexpected... Pure poetry' Observer 'A true spell of a book' Ocean Vuong, author of On Earth We Are Briefly Gorgeous 'A sharply focused gem' Sunday Times 'An epic in miniature' Tayari Jones, author of An American Marriage 'Dazzling... With urgent, vital insights into questions of class, gender, race, history, queerness and sex' New York Times 'A banger' Ta-Nehisi Coates, author of The Water Dancer An unexpected teenage pregnancy brings together two families from different social classes, and exposes the private hopes, disappointments and longings that can bind or divide us. From the New York Times-bestselling and National Book Award-winning author of Another Brooklyn and Brown Girl Dreaming. Brooklyn, 2001. It is the evening of sixteen-year-old Melody's coming of age ceremony in her grandparents' brownstone. Watched lovingly by her relatives and friends, making her entrance to the music of Prince, she wears a special custom-made dress - the very same dress that was sewn for a different wearer, Melody's mother, for a celebration that ultimately never took place. Unfurling the history of Melody's family - from the 1921 Tulsa race massacre to post 9/11 New York - Red at the Bone explores sexual desire, identity, class, and the life-altering facts of parenthood, as it looks at the ways in which young people must so often make fateful decisions about their lives before they have even begun to figure out who they are and what they want to be. *** ONE OF THE BOOKS OF THE YEAR FOR: New York Times; Washington Post; Time; USA Today; O, The Oprah Magazine; Elle; Good Housekeeping; Esquire; NPR; New York Public Library; Library Journal; Kirkus; BookRiot; She Reads; The Undefeated ***",
      "imageLinks": {
          "thumbnail": "http://books.google.com/books/content?id=GLisDwAAQBAJ&printsec=frontcover&img=1&zoom=1&edge=curl&source=gbs_api"
      }
  },
  "saleInfo": {
      "retailPrice": {
          "amount": 7.99,
          "currencyCode": "GBP"
      }
  },
  "read": false
},
  {
      "id": "O9yKCgAAQBAJ",
      "volumeInfo": {
          "title": "I Almost Forgot About You",
          "authors": [
              "Terry McMillan"
          ],
          "description": "NEW YORK TIMES BESTSELLER • The bestselling author of How Stella Got Her Groove Back and Waiting To Exhale is back with the inspiring story of a woman who shakes things up in her life to find greater meaning NAMED ONE OF THE BEST BOOKS OF THE YEAR BY LIBRARY JOURNAL In I Almost Forgot About You, Dr. Georgia Young's wonderful life—great friends, family, and successful career—aren't enough to keep her from feeling stuck and restless. When she decides to make some major changes in her life, including quitting her job as an optometrist and moving house, she finds herself on a wild journey that may or may not include a second chance at love. Georgia’s bravery reminds us that it’s never too late to become the person you want to be, and that taking chances, with your life and your heart, are always worthwhile. Big-hearted, genuine, and universal, I Almost Forgot About You shows what can happen when you face your fears, take a chance, and open yourself up to life, love, and the possibility of a new direction. It’s everything you’ve always loved about Terry McMillan. Praise for I Almost Forgot About You “McMillan paints relationships in joyous primary colors; her novel brims with sexy repartee, caustic humor, and a fluent, assured prose that shines a bright light on her memorable characters. Her very best since Waiting to Exhale.”—O: The Oprah Magazine “The novel is immensely companionable, and Georgia is as alive, complex, inquiring, motivated and sexy as any twenty-five-year-old. Maybe more so.”—The New York Times Book Review “Self-discovery, second chances and the importance of family are thematic hallmarks of McMillan’s novels. . . . I Almost Forgot About You checks all the boxes.”—Washington Post “McMillan is funny and frank about men, women and sex. Her summaries of Georgia’s marriages and major love connections . . . are powerful and poetic.”—USA Today “Reading a Terry McMillan book feels like catching up with an old friend. . . . I Almost Forgot About You is a book that is important for readers of every age.”—Ebony",
          "imageLinks": {
              "thumbnail": "http://books.google.com/books/content?id=O9yKCgAAQBAJ&printsec=frontcover&img=1&zoom=1&edge=curl&source=gbs_api"
          }
      },
      "saleInfo": {
          "retailPrice": {
              "amount": 7.05,
              "currencyCode": "GBP"
          }
      },
      "read": false
  },
  {
      "id": "jXqaDwAAQBAJ",
      "volumeInfo": {
          "title": "The Girl with the Louding Voice",
          "authors": [
              "Abi Daré"
          ],
          "description": "All you have are your words. AS RECOMMENDED BY MALALA YOUSAFZAI AN INSTANT NEW YORK TIMES BESTSELLER A STYLIST BEST BOOK OF 2020 'A stunning novel - original, beautiful and powerful' Rosamund Lupton Meet Adunni, a teenage girl born into a rural Nigerian village. Aged fourteen, she is a commodity, a wife, a servant. She is also smart, funny, curious, with a spirit and joy infectious to those around her. And despite her situation going from bad to worse, she has a plan to escape: she will find her 'louding voice' and get her education, so that she can speak up for herself - and all the girls who came before her. As she turns enemies into friends and superiors into aides, Adunni will take you with her on a heart-breaking but inspiring journey from a small village to the wealthy enclaves of Lagos, and show you that no matter the situation, there is always some joy to be found. 'A story of courage that will win over your heart' Stylist 'An unforgettable novel' Jeanine Cummins 'A sparkling debut . . . marks the appearance of a strong and stylish new talent' Harper's Bazaar 'A true original, this will open your eyes' Cosmopolitan The BBC Radio 2 Book Club featuring THE GIRL WITH THE LOUDING VOICE is now available to listen to on BBC Sounds.",
          "imageLinks": {
              "thumbnail": "http://books.google.com/books/content?id=jXqaDwAAQBAJ&printsec=frontcover&img=1&zoom=5&edge=curl&source=gbs_api"
          }
      },
      "saleInfo": {
          "retailPrice": {
              "amount": 4.99,
              "currencyCode": "GBP"
          }
      },
      "read": false
  },
  {
      "id": "eD90DwAAQBAJ",
      "volumeInfo": {
          "title": "Well-Read Black Girl",
          "authors": [
              "Glory Edim"
          ],
          "description": "'Required reading.' - Cosmopolitan 'This should be read as a sacred text. Here, you will bear witness to a perpetual salvation song.' - Jason Reynolds Remember that moment when you first encountered a character who seemed to be written just for you? That feeling of belonging remains with readers the rest of their lives - but not everyone regularly sees themselves reflected on the pages of a book. In this timely anthology, Glory Edim, founder of the online community, Well-Read Black Girl, brings together original essays by some of America's best black women writers to shine a light on how important it is that we all - regardless of gender, race, religion, or ability - have the opportunity to find ourselves in literature. Whether it's learning about the complexities of femalehood from Zora Neale Hurston and Toni Morrison, finding a new type of love in The Color Purple, or using mythology to craft an alternative black future, each essay reminds us why we turn to books in times of both struggle and relaxation. As she has done with her book club-turned-online community, Edim has created a space where black women's writing, knowledge and life experiences are lifted up, to be shared with all readers who value the power of a story to help us understand the world, and ourselves. Contributors include: Jesmyn Ward, Lynn Nottage, Jacqueline Woodson, Gabourey Sidibe, Morgan Jerkins, Tayari Jones, Rebecca Walker, and Barbara Smith. 'Essential reading for the twenty-first-century reader. This book is smart, powerful, and complete.' - Min Jin Lee, author of Pachinko",
          "imageLinks": {
              "thumbnail": "http://books.google.com/books/content?id=eD90DwAAQBAJ&printsec=frontcover&img=1&zoom=5&edge=curl&source=gbs_api"
          }
      },
      "saleInfo": {
          "retailPrice": {
              "amount": 3.99,
              "currencyCode": "GBP"
          }
      },
      "read": false
  },
  {
      "id": "fjadDwAAQBAJ",
      "volumeInfo": {
          "title": "Such a Fun Age",
          "authors": [
              "Kiley Reid"
          ],
          "description": "A new literary star' The Times A Reese Witherspoon Book Club Pick // A Zoella Book Club Pick // A Times, Stylist, Elle, Glamour and BBC Best Book of 2020 When Emira is apprehended at a supermarket for 'kidnapping' the white child she's actually babysitting, it sets off an explosive chain of events. Her employer Alix, a feminist blogger with the best of intentions, resolves to make things right. But Emira herself is aimless, broke and wary of Alix's desire to help. When a surprising connection emerges between the two women, it sends them on a crash course that will upend everything they think they know – about themselves, each other, and the messy dynamics of privilege. __________________________ 'Essential. This year's hit debut' Guardian 'A biting tale of race and class' Sunday Times 'I couldn't put this down' Jojo Moyes 'Bites into the zeitgeist then spits it out with gusto. You really should read it, ASAP' Stylist 'About power dynamics, race, social commentary, and also why and how we are the woman we are' Pandora Sykes 'An extraordinarily deft debut, written with wisdom, kindness and sharp humour' Daily Mail 'A beautiful tale of how we live now' Elizabeth Day",
          "imageLinks": {
              "thumbnail": "http://books.google.com/books/content?id=fjadDwAAQBAJ&printsec=frontcover&img=1&zoom=5&edge=curl&source=gbs_api"
          }
      },
      "saleInfo": {
          "retailPrice": {
              "amount": 9.09,
              "currencyCode": "GBP"
          }
      },
      "read": false
  },
  {
      "id": "6D1WDgAAQBAJ",
      "volumeInfo": {
          "title": "Little Red Riding Hood",
          "authors": [
              "Charles Perrault"
          ],
          "description": "Little Red Riding Hood and the encounters she has on her way to visit grandmother's house.",
          "imageLinks": {
              "thumbnail": "http://books.google.com/books/content?id=q3kpDAAAQBAJ&printsec=frontcover&img=1&zoom=1&edge=curl&source=gbs_api"
          }
      },
      "saleInfo": {
          "retailPrice": {
              "amount": 4.84,
              "currencyCode": "GBP"
          }
      },
      "read": false
  },
  {
      "id": "aEF_Fo7xCzsC",
      "volumeInfo": {
          "title": "The Complete Alice in Wonderland",
          "authors": [
              "Lewis Carroll"
          ],
          "description": "Presents a graphic novel adaptation of Lewis Carroll's popular novels about an opinionated and imaginative young girl who travels to fantastical lands.",
          "imageLinks": {
              "thumbnail": "http://books.google.com/books/content?id=aEF_Fo7xCzsC&printsec=frontcover&img=1&zoom=1&edge=curl&source=gbs_api"
          }
      },
      "saleInfo": {
          "retailPrice": {
              "amount": 19.33,
              "currencyCode": "GBP"
          }
      },
      "read": false
  },
  {
      "id": "wWu3CwAAQBAJ",
      "volumeInfo": {
          "title": "Goldilocks and the Three Bears",
          "authors": [
              "Calee M. Lee"
          ],
          "description": "Discover Fairy Tales Someone has been eating my porridge! The classic fairy tale of Goldilocks and the Three Bears has been retold with simple, rhythmic sentences for beginning readers. Discover Fairy Tales are familiar stories with cute illustrations, perfect for the touchscreen generation.",
          "imageLinks": {
              "thumbnail": "http://books.google.com/books/content?id=CrGwCt3e0LMC&printsec=frontcover&img=1&zoom=1&edge=curl&source=gbs_api"
          }
      },
      "saleInfo": {
          "retailPrice": {
              "amount": 9.64,
              "currencyCode": "GBP"
          }
      },
      "read": false
  }
]